<?xml version="1.0" encoding="UTF-8"?>
<beans xmlns="http://www.springframework.org/schema/beans"
	xmlns:xsi="http://www.w3.org/2001/XMLSchema-instance"
	xmlns:p="http://www.springframework.org/schema/p"
	xmlns:context="http://www.springframework.org/schema/context"
	xmlns:tx="http://www.springframework.org/schema/tx"
	xmlns:util="http://www.springframework.org/schema/util"
	xmlns:aop="http://www.springframework.org/schema/aop"
	xsi:schemaLocation="http://www.springframework.org/schema/beans http://www.springframework.org/schema/beans/spring-beans-4.1.xsd
						http://www.springframework.org/schema/context http://www.springframework.org/schema/context/spring-context.xsd
						http://www.springframework.org/schema/tx http://www.springframework.org/schema/tx/spring-tx-4.1.xsd
						http://www.springframework.org/schema/util http://www.springframework.org/schema/util/spring-util-4.1.xsd
						http://www.springframework.org/schema/aop http://www.springframework.org/schema/aop/spring-aop-4.1.xsd">
	
	<context:annotation-config/>  
	<context:component-scan base-package="com.dowin.*" />
	
	<util:properties id="appProps" location="classpath:config-product.properties"/> 

	<!-- Ioc注解配置 -->
	<bean class="org.springframework.beans.factory.annotation.AutowiredAnnotationBeanPostProcessor" />
	
	<!-- 定义国际化消息 -->
	<bean id="messageSource" class="org.springframework.context.support.ResourceBundleMessageSource">
		<property name="basename" value="messages" />
		<!--刷新资源文件的周期，以秒为单位-->
        <property name="cacheSeconds" value="60" /> 
	</bean>
	
	<!-- 获取本地 -->
	<bean id="localeResolver" class="org.springframework.web.servlet.i18n.CookieLocaleResolver" />  

	<import resource="application-memcache.xml"/>
	
	</beans>
</beans>