<?xml version="1.0" encoding="UTF-8"?>
<beans xmlns="http://www.springframework.org/schema/beans"
	xmlns:xsi="http://www.w3.org/2001/XMLSchema-instance"
	xmlns:context="http://www.springframework.org/schema/context"
	xsi:schemaLocation="http://www.springframework.org/schema/beans http://www.springframework.org/schema/beans/spring-beans-4.1.xsd">
		
    <!-- 配置MEMCACHED缓存 -->
    <bean id="memcacheConfig" class="com.dowin.memcached.MemcacheConfig" autowire="byName">
    	<!-- 指定memcached服务地址 -->
    	<property name="serverAddr" value="#{appProps['memcached.serverAddr']}" />
    	<!-- 指定memcached服务器负载量 -->
    	<property name="weights" value="#{appProps['memcached.weights']}" />
    	<!-- 设置初始连接数10 -->
    	<property name="initconn" value="#{appProps['memcached.initconn']}" />
    	<!-- 最小连接数 5 -->
    	<property name="minconn" value="#{appProps['memcached.minconn']}" />
    	<!-- 最大连接数 250 -->
    	<property name="maxconn" value="#{appProps['memcached.maxconn']}" />
    	<!-- 设置主线程睡眠时间 -->
    	<property name="maxidle" value="21600000" />
    	<!-- 每隔30秒醒来 -->
    	<property name="maintsleep" value="30" />
    	<!-- 关闭nagle算法 -->
    	<property name="nagle" value="false" />
    	<!-- 设置 读取 超时3秒钟  set the read timeout to 3 secs -->
    	<property name="socketTO" value="3000" />
    	<!-- 不设置连接超时 -->
    	<property name="socketConnectTO" value="0" />
    </bean>
</beans>

