<?xml version="1.0" encoding="UTF-8"?>
<beans xmlns="http://www.springframework.org/schema/beans"
	xmlns:xsi="http://www.w3.org/2001/XMLSchema-instance"
	xmlns:context="http://www.springframework.org/schema/context"
	xmlns:mvc="http://www.springframework.org/schema/mvc"
	xmlns:task="http://www.springframework.org/schema/task" 
	xsi:schemaLocation="http://www.springframework.org/schema/beans http://www.springframework.org/schema/beans/spring-beans-4.1.xsd
		http://www.springframework.org/schema/mvc http://www.springframework.org/schema/mvc/spring-mvc-4.1.xsd
		http://www.springframework.org/schema/context http://www.springframework.org/schema/context/spring-context-4.1.xsd">
	
	<!-- 启用spring mvc 注解 -->
    <context:annotation-config />
	<context:component-scan base-package="com.dowin.*" />
	
	<bean class="org.springframework.web.servlet.mvc.annotation.AnnotationMethodHandlerAdapter">
		<property name="messageConverters">
			<list>
				<bean class="org.springframework.http.converter.StringHttpMessageConverter">
					<property name="supportedMediaTypes">
						<list>
							<value>text/html;charset=UTF-8</value>
							<value>application/json;charset=UTF-8</value>
						</list>
					</property>
				</bean>
			</list>
		</property>
	</bean>
	
	<bean class="org.springframework.web.servlet.mvc.annotation.DefaultAnnotationHandlerMapping" />

	<bean class="org.springframework.web.servlet.view.InternalResourceViewResolver">
		<property name="prefix" value="" />
		<property name="suffix" value=".jsp" />
	</bean>
	
	<bean id="multipartResolver" class="org.springframework.web.multipart.commons.CommonsMultipartResolver">
    	<!-- one of the properties available; the maximum file size in bytes; set maxSize 50M -->
    	<property name="maxUploadSize" value="52428800"/>
    	<property name="defaultEncoding" value="UTF-8"/>
    	<property name="maxInMemorySize" value="50000"/>
	</bean>
	
	<bean id="exceptionResolver" class="com.dowin.hbx.framework.exception.ExceptionHandler"/>
	
	<bean class="org.springframework.web.servlet.handler.SimpleMappingExceptionResolver">
		<property name="exceptionMappings">
			<props>
				<prop key="org.springframework.web.servlet.PageNotFound">/resources/context/404</prop>
				<prop key="org.springframework.dao.DataAccessException">/resources/context/500</prop>
				<prop key="org.springframework.transaction.TransactionException">/resources/context/500</prop>
				<prop key="org.springframework.web.bind.annotation.support.HandlerMethodInvocationException">/resources/context/500</prop>
				<prop key="org.springframework.web.util.NestedServletException">/resources/context/500</prop>
				<prop key="java.lang.NumberFormatException">/resources/context/500</prop>
				<prop key="java.lang.NullPointerException">/resources/context/500</prop>
			</props>
		</property>
	</bean>
	
	<!-- 静态资源 -->
	<mvc:resources mapping="/resource/**" location="/resource/" />
	<mvc:resources mapping="/data/**" location="/data/" />
	<mvc:resources mapping="/**.html" location="/" />
	<mvc:resources mapping="/**.xml" location="/" />
	<mvc:resources mapping="/**.txt" location="/" />
	<mvc:resources mapping="/html/**" location="/html/" />
	
	<!-- 拦截器 -->
	<mvc:interceptors>
		<!-- <mvc:interceptor>
			<mvc:mapping path="/**" />
			<mvc:exclude-mapping path="/"/>
			<bean class="com.dowin.interceptors.CommonInterceptor" />
		</mvc:interceptor> -->
	</mvc:interceptors>
	
</beans>