<?xml version="1.0" encoding="UTF-8"?>
<beans xmlns="http://www.springframework.org/schema/beans"
	xmlns:xsi="http://www.w3.org/2001/XMLSchema-instance"
	xmlns:p="http://www.springframework.org/schema/p"
	xmlns:context="http://www.springframework.org/schema/context"
	xmlns:tx="http://www.springframework.org/schema/tx"
	xmlns:util="http://www.springframework.org/schema/util"
	xmlns:aop="http://www.springframework.org/schema/aop"
	xmlns:jpa="http://www.springframework.org/schema/data/jpa"
	xsi:schemaLocation="http://www.springframework.org/schema/beans http://www.springframework.org/schema/beans/spring-beans-4.1.xsd
						http://www.springframework.org/schema/context http://www.springframework.org/schema/context/spring-context.xsd
						http://www.springframework.org/schema/tx http://www.springframework.org/schema/tx/spring-tx-4.1.xsd
						http://www.springframework.org/schema/util http://www.springframework.org/schema/util/spring-util-4.1.xsd
						http://www.springframework.org/schema/aop http://www.springframework.org/schema/aop/spring-aop-4.1.xsd
						http://www.springframework.org/schema/data/jpa http://www.springframework.org/schema/data/jpa/spring-jpa.xsd">
	
	<context:annotation-config/>
	<context:component-scan base-package="com.dowin.*" />
	<jpa:auditing auditor-aware-ref="auditorAware" date-time-provider-ref="dateTimeProvider" />

	<bean id="auditorAware" class="com.dowin.framework.core.domain.support.AuditorAwareStub" />
	
	<bean id="dateTimeProvider" class="com.dowin.framework.core.domain.support.DbDateTimeProvider" />
	<context:property-placeholder location="classpath:jdbc-product.properties" />
	<util:properties id="appProps" location="classpath:config-product.properties"/>

	<bean id="dataSource" class="com.alibaba.druid.pool.DruidDataSource" init-method="init" destroy-method="close">   
	    <!-- 基本属性 url、user、password -->  
	    <property name="driverClassName" value="${jdbc.driverClassName}" />
	    <property name="url" value="${jdbc.url}" />  
	    <property name="username" value="${jdbc.username}" />  
	    <property name="password" value="${jdbc.password}" />  
	    
		        
	    <!-- 配置初始化大小、最小、最大 -->  
	    <property name="initialSize" value="1" />  
	    <property name="minIdle" value="1" />   
	    <property name="maxActive" value="50" />  
	   
	    <!-- 配置获取连接等待超时的时间 -->  
	    <property name="maxWait" value="60000" />  
	   
	    <!-- 配置间隔多久才进行一次检测，检测需要关闭的空闲连接，单位是毫秒 -->  
	    <property name="timeBetweenEvictionRunsMillis" value="60000" />  
	   
	    <!-- 配置一个连接在池中最小生存的时间，单位是毫秒 -->  
	    <property name="minEvictableIdleTimeMillis" value="300000" />  
	    
	    <property name="validationQuery" value="select 1" />  
	    <property name="testWhileIdle" value="true" />  
	    <property name="testOnBorrow" value="false" />  
	    <property name="testOnReturn" value="false" />  
	   
	    <!-- 打开PSCache，并且指定每个连接上PSCache的大小 -->  
	    <property name="poolPreparedStatements" value="true" />  
	    <property name="maxPoolPreparedStatementPerConnectionSize" value="20" />  
	   
	    <!-- 配置监控统计拦截的filters，去掉后监控界面sql无法统计 -->  
	    <property name="filters" value="stat" />   
	</bean> 
	
	<bean id="entityManagerFactory" class="org.springframework.orm.jpa.LocalContainerEntityManagerFactoryBean">  
        <property name="dataSource" ref="dataSource" />  
        <property name="persistenceProvider">
        	<bean class="org.hibernate.jpa.HibernatePersistenceProvider" />
        </property>
        <property name="jpaDialect">
        	<bean class="org.springframework.orm.jpa.vendor.HibernateJpaDialect" />
        </property>
        <property name="jpaVendorAdapter">
        	<bean class="org.springframework.orm.jpa.vendor.HibernateJpaVendorAdapter" />
        </property>
        <property name="packagesToScan" value="com.dowin.entity.*"/>
        <property name="jpaProperties">  
            <props>
                <prop key="hibernate.dialect">org.hibernate.dialect.MySQL5Dialect</prop>
                <prop key="hibernate.show_sql">true</prop>
                <prop key="hibernate.format_sql">false</prop>
                <prop key="hibernate.hbm2ddl.auto">validate</prop>
            </props>  
        </property>  
    </bean>  

	<bean id="transactionManager" class="org.springframework.orm.jpa.JpaTransactionManager">  
        <property name="entityManagerFactory" ref="entityManagerFactory" />  
    </bean>
	
	<!-- 重要配置：启用扫描并自动创建代理的功能  -->
    <jpa:repositories base-package="com.dowin.hbx.*"  transaction-manager-ref="transactionManager" entity-manager-factory-ref="entityManagerFactory"/>
	
	<!-- 将所有具有@Transactional注解的Bean自动配置为声明式事务支持 --> 
	<tx:annotation-driven transaction-manager="transactionManager" />   
	
	<!-- Ioc注解配置 -->
	<bean class="org.springframework.beans.factory.annotation.AutowiredAnnotationBeanPostProcessor" />
	
	<!-- Memcache缓存配置 --> 
	<import resource="application-memcache.xml" />
	
	<!-- 定时任务配置 --> 
	<import resource="application-jobs.xml" />
	
	<!-- 容器初始化之后执行 -->
	<bean class="com.dowin.framework.InitiatedProcessor" />
	
</beans>
